{
    "n_estimators": 609,
    "learning_rate": 0.08150191721911962,
    "max_depth": 6,
    "num_leaves": 70,
    "min_child_samples": 20,
    "subsample": 0.7112329991500994,
    "colsample_bytree": 0.6512805238939884,
    "reg_alpha": 0.8693355370445167,
    "reg_lambda": 0.03779271989475819
}